soil_moisture,temperature,humidity,sunlight,soil_type,crop_stage,rainfall,irrigation
69,35,56,367,loamy,seedling,14,0
69,20,86,1075,sandy,harvest,20,0
62,29,65,536,sandy,flowering,1,0
69,31,47,296,sandy,flowering,18,0
14,25,75,1011,clay,seedling,8,1
38,31,81,749,loamy,flowering,15,0
57,20,69,675,clay,harvest,16,0
60,33,58,293,sandy,seedling,13,0
23,20,41,367,sandy,seedling,8,1
31,33,54,556,sandy,seedling,2,0
24,30,85,566,sandy,vegetative,17,1
15,34,82,779,loamy,vegetative,8,1
19,28,85,899,clay,flowering,18,1
25,25,71,775,clay,seedling,16,1
77,32,72,320,sandy,harvest,9,0
31,26,77,428,loamy,harvest,20,0
48,25,59,1106,sandy,harvest,5,0
57,30,76,809,clay,harvest,8,0
43,27,85,329,clay,vegetative,6,0
67,23,46,704,clay,harvest,3,0
32,22,72,649,sandy,vegetative,18,0
73,29,84,644,sandy,flowering,2,0
62,32,82,786,clay,harvest,12,0
23,24,89,1076,loamy,vegetative,9,1
25,21,57,674,sandy,seedling,2,1
49,26,79,421,clay,seedling,1,0
35,27,72,695,clay,seedling,2,0
76,22,75,380,clay,vegetative,6,0
21,28,68,1069,clay,vegetative,12,1
26,26,56,1200,clay,flowering,11,1
54,35,48,466,clay,seedling,20,0
50,31,72,226,loamy,vegetative,14,0
75,31,77,574,sandy,vegetative,3,0
19,25,85,348,sandy,flowering,11,1
76,25,75,758,loamy,flowering,15,0
10,33,55,791,sandy,vegetative,1,1
54,24,61,963,loamy,vegetative,19,0
76,34,81,655,clay,vegetative,5,0
20,35,86,679,loamy,vegetative,7,1
51,23,77,670,loamy,flowering,12,0
71,33,44,963,sandy,seedling,8,0
28,32,60,399,loamy,harvest,0,1
65,30,76,461,clay,flowering,0,0
45,21,86,449,clay,seedling,5,0
36,25,68,538,loamy,flowering,3,0
61,27,79,1119,clay,vegetative,13,0
24,24,81,349,loamy,flowering,6,1
45,33,51,961,loamy,harvest,15,0
47,29,51,815,clay,vegetative,2,0
12,23,54,773,loamy,seedling,18,1
54,27,67,1099,sandy,vegetative,8,0
80,28,52,1182,sandy,seedling,9,0
33,33,71,285,loamy,seedling,3,0
49,25,64,556,clay,vegetative,3,0
52,28,62,913,loamy,flowering,6,0
72,20,47,730,clay,seedling,2,0
59,29,63,367,loamy,flowering,13,0
11,21,79,592,loamy,flowering,1,1
22,35,46,510,sandy,flowering,7,1
62,21,56,1183,loamy,flowering,9,0
76,21,55,691,clay,vegetative,14,0
16,26,61,778,sandy,harvest,1,1
55,33,74,520,loamy,vegetative,15,0
38,32,74,1186,clay,seedling,14,0
77,33,68,565,clay,flowering,16,0
40,31,71,530,sandy,flowering,8,0
33,20,90,338,loamy,harvest,0,0
25,32,78,245,sandy,seedling,13,1
67,28,48,610,loamy,harvest,10,0
20,31,76,1138,loamy,seedling,10,1
14,25,73,288,sandy,flowering,1,1
27,23,78,899,clay,harvest,10,1
54,33,69,1064,clay,harvest,11,0
38,32,70,268,loamy,harvest,17,0
50,34,58,1063,clay,seedling,5,0
68,21,45,1005,loamy,seedling,0,0
72,26,53,350,clay,harvest,9,0
63,29,42,489,clay,seedling,18,0
77,28,44,549,loamy,vegetative,18,0
52,20,54,648,clay,seedling,13,0
79,28,59,417,loamy,seedling,7,0
31,35,70,385,clay,seedling,5,0
34,29,87,429,sandy,vegetative,10,0
55,29,72,1092,loamy,vegetative,4,0
67,34,61,891,clay,seedling,0,0
49,20,67,739,loamy,flowering,3,0
77,20,41,301,clay,harvest,4,0
50,35,79,325,loamy,vegetative,6,0
21,35,40,686,sandy,harvest,17,1
40,33,90,279,sandy,vegetative,17,0
69,25,87,392,clay,flowering,17,0
58,34,78,550,clay,vegetative,14,0
52,27,89,540,sandy,vegetative,0,0
35,29,64,781,loamy,flowering,8,0
58,34,80,1092,loamy,harvest,9,0
43,33,58,1132,clay,flowering,18,0
68,21,77,1112,loamy,seedling,19,0
16,21,65,396,clay,seedling,4,1
35,29,65,800,loamy,seedling,11,0
41,20,73,359,clay,harvest,2,0
26,22,42,437,sandy,seedling,11,1
34,24,81,978,clay,seedling,13,0
77,30,43,663,clay,vegetative,11,0
69,30,50,213,loamy,vegetative,18,0
50,20,87,889,clay,harvest,14,0
49,23,54,776,sandy,seedling,0,0
33,32,78,1102,loamy,seedling,5,0
45,24,59,1109,clay,harvest,2,0
28,34,70,1139,sandy,harvest,3,1
66,21,62,645,clay,harvest,14,0
39,25,47,879,clay,harvest,7,0
17,28,42,621,clay,harvest,14,1
56,22,66,933,sandy,vegetative,13,0
20,33,81,965,clay,harvest,20,1
51,24,71,462,loamy,harvest,10,0
63,27,57,589,clay,vegetative,3,0
36,22,48,590,clay,flowering,15,0
64,21,59,413,clay,harvest,20,0
58,34,41,410,clay,seedling,12,0
34,26,57,1144,loamy,vegetative,2,0
41,34,68,559,loamy,seedling,17,0
75,21,47,984,clay,harvest,4,0
37,33,51,212,clay,seedling,2,0
34,32,61,1053,clay,flowering,6,0
12,25,64,852,clay,flowering,17,1
76,31,76,589,loamy,seedling,0,0
66,30,43,935,loamy,vegetative,0,0
23,24,47,1125,loamy,flowering,16,1
57,32,41,738,loamy,flowering,5,0
12,28,59,754,loamy,seedling,1,1
25,26,83,1133,sandy,flowering,0,1
66,20,51,1068,clay,seedling,4,0
61,30,79,300,clay,harvest,19,0
25,34,80,884,clay,seedling,0,1
80,31,60,1162,loamy,vegetative,4,0
68,34,41,272,clay,vegetative,2,0
59,29,79,924,sandy,vegetative,18,0
62,21,50,612,clay,seedling,18,0
21,31,78,1106,loamy,seedling,16,1
17,35,53,206,clay,seedling,6,1
24,25,63,1071,sandy,harvest,16,1
36,29,60,998,sandy,seedling,9,0
20,35,61,438,clay,flowering,9,1
11,32,79,927,clay,seedling,11,1
78,26,60,918,clay,seedling,3,0
58,34,43,213,sandy,seedling,18,0
61,30,57,1111,clay,harvest,15,0
24,30,88,467,loamy,harvest,9,1
74,34,59,417,clay,vegetative,4,0
80,34,86,874,sandy,seedling,19,0
54,30,86,702,loamy,harvest,5,0
26,35,66,635,sandy,harvest,18,1
35,20,51,580,sandy,flowering,8,0
22,22,66,846,clay,flowering,12,1
72,21,86,856,loamy,seedling,14,0
39,28,83,984,loamy,harvest,14,0
67,26,58,319,sandy,vegetative,0,0
12,23,83,888,loamy,flowering,5,1
17,20,70,1182,sandy,flowering,20,1
66,29,60,208,clay,harvest,13,0
23,29,75,462,clay,flowering,8,1
66,20,66,819,clay,flowering,9,0
57,33,53,833,clay,flowering,7,0
21,28,74,294,loamy,harvest,4,1
27,20,78,1022,clay,harvest,10,1
79,31,52,1177,sandy,harvest,15,0
58,30,59,1085,loamy,flowering,18,0
40,35,90,851,sandy,flowering,14,0
20,28,67,694,sandy,seedling,6,1
35,29,49,767,sandy,vegetative,2,0
64,22,89,205,loamy,seedling,7,0
19,32,82,1191,sandy,seedling,3,1
12,32,75,531,clay,flowering,3,1
21,35,88,491,clay,seedling,10,1
63,34,48,332,loamy,flowering,16,0
52,22,56,690,loamy,seedling,9,0
42,20,61,568,loamy,harvest,11,0
41,34,43,382,clay,harvest,13,0
76,29,56,594,clay,vegetative,5,0
69,22,61,1050,loamy,seedling,11,0
41,26,54,496,clay,seedling,1,0
17,21,63,736,clay,flowering,6,1
42,32,88,443,loamy,vegetative,20,0
17,28,71,721,sandy,seedling,16,1
49,33,75,410,sandy,harvest,5,0
13,25,67,658,clay,seedling,12,1
58,25,50,939,clay,seedling,6,0
18,34,60,700,sandy,harvest,18,1
34,28,83,778,clay,harvest,8,0
49,26,85,1178,loamy,harvest,17,0
53,30,79,673,loamy,vegetative,16,0
46,30,62,482,loamy,harvest,11,0
27,34,79,1144,loamy,harvest,8,1
13,32,45,940,sandy,vegetative,2,1
20,21,44,689,clay,harvest,1,1
24,27,89,1070,clay,harvest,0,1
57,29,56,417,clay,seedling,6,0
62,21,62,488,sandy,flowering,3,0
21,24,62,899,loamy,harvest,8,1
27,23,40,352,loamy,seedling,14,1
13,25,66,737,clay,harvest,12,1
48,33,62,1017,clay,seedling,16,0
18,24,82,957,clay,seedling,2,1
18,24,88,999,clay,vegetative,11,1
62,31,55,636,clay,vegetative,16,0
74,21,56,969,sandy,seedling,5,0
41,24,49,269,loamy,flowering,15,0
56,34,52,719,clay,flowering,14,0
22,22,50,1079,clay,harvest,2,1
66,28,49,224,clay,seedling,20,0
65,30,76,502,clay,seedling,2,0
48,21,71,933,clay,harvest,17,0
60,33,58,1083,loamy,flowering,13,0
58,21,76,1135,loamy,flowering,8,0
58,28,57,287,loamy,vegetative,18,0
20,33,48,310,clay,seedling,17,1
50,27,56,753,sandy,harvest,14,0
49,24,83,688,loamy,seedling,1,0
23,27,48,528,clay,harvest,1,1
18,20,73,1149,clay,vegetative,13,1
26,30,69,219,sandy,seedling,6,1
38,29,87,955,clay,vegetative,7,0
20,23,65,276,clay,seedling,0,1
37,33,77,249,sandy,harvest,0,0
49,33,58,542,loamy,seedling,15,0
50,27,57,453,loamy,flowering,5,0
15,28,41,706,clay,vegetative,6,1
41,23,42,857,loamy,seedling,9,0
22,26,67,1163,sandy,flowering,5,1
67,27,67,979,loamy,flowering,10,0
18,23,76,271,clay,flowering,14,1
23,30,69,689,sandy,seedling,0,1
50,28,41,1011,loamy,harvest,8,0
60,30,70,343,clay,vegetative,1,0
66,21,74,244,loamy,flowering,12,0
53,31,73,1131,sandy,flowering,16,0
67,26,54,929,sandy,seedling,15,0
27,21,47,1181,sandy,vegetative,18,1
75,33,49,400,clay,harvest,17,0
69,29,68,1065,clay,flowering,16,0
20,29,85,862,sandy,vegetative,5,1
69,29,51,751,loamy,harvest,15,0
53,28,41,392,sandy,seedling,8,0
18,25,58,324,clay,vegetative,0,1
70,30,45,424,loamy,vegetative,7,0
18,22,72,1001,loamy,seedling,5,1
70,27,76,545,loamy,seedling,14,0
34,25,79,909,clay,harvest,4,0
15,20,83,274,clay,harvest,18,1
80,32,52,214,loamy,vegetative,12,0
23,30,65,268,sandy,seedling,15,1
80,30,69,589,loamy,vegetative,19,0
53,24,60,480,sandy,harvest,11,0
80,32,76,628,sandy,flowering,20,0
13,28,51,518,sandy,vegetative,10,1
22,21,66,598,sandy,seedling,11,1
68,34,73,1027,clay,vegetative,11,0
12,31,62,1029,loamy,vegetative,18,1
34,21,54,421,clay,harvest,1,0
14,26,77,1050,sandy,flowering,0,1
41,24,88,1036,sandy,flowering,20,0
53,25,81,391,loamy,harvest,0,0
26,34,56,784,clay,vegetative,2,1
44,28,45,909,sandy,vegetative,2,0
32,32,52,732,clay,flowering,19,0
15,24,77,621,clay,seedling,11,1
21,27,52,334,sandy,harvest,13,1
65,23,60,577,loamy,vegetative,12,0
51,35,66,242,loamy,flowering,19,0
57,26,87,956,clay,flowering,6,0
46,23,82,324,clay,harvest,4,0
33,31,84,480,sandy,vegetative,2,0
18,32,79,671,loamy,seedling,8,1
68,31,67,698,clay,harvest,18,0
80,32,80,1081,loamy,flowering,5,0
27,25,68,680,loamy,vegetative,0,1
54,31,86,842,loamy,flowering,7,0
11,20,44,226,clay,flowering,3,1
57,22,88,493,clay,harvest,19,0
52,25,53,643,clay,harvest,19,0
49,31,90,1182,clay,seedling,12,0
46,32,43,1006,sandy,seedling,20,0
17,20,58,716,loamy,flowering,7,1
38,27,62,370,sandy,vegetative,0,0
24,34,50,958,sandy,flowering,6,1
34,29,83,1121,loamy,harvest,16,0
68,28,43,562,sandy,vegetative,17,0
27,27,65,1084,clay,flowering,17,1
21,34,43,1146,clay,seedling,18,1
74,20,75,651,loamy,vegetative,12,0
28,21,83,919,clay,vegetative,16,1
41,29,77,846,clay,seedling,6,0
40,33,60,1184,clay,harvest,5,0
44,22,50,841,sandy,harvest,18,0
76,25,90,794,sandy,flowering,20,0
24,35,77,990,sandy,harvest,5,1
38,33,50,913,clay,flowering,5,0
54,28,53,1195,clay,vegetative,6,0
10,21,62,928,clay,flowering,2,1
52,25,43,306,sandy,seedling,20,0
23,29,63,606,clay,vegetative,14,1
27,27,72,595,loamy,vegetative,10,1
56,20,61,407,sandy,seedling,9,0
69,30,74,275,loamy,vegetative,11,0
50,31,69,909,clay,harvest,6,0
35,33,64,562,sandy,harvest,1,0
25,25,51,210,loamy,seedling,5,1
72,22,56,217,clay,flowering,10,0
21,32,77,1133,clay,flowering,4,1
22,30,67,1032,clay,vegetative,10,1
39,33,58,584,loamy,seedling,12,0
42,21,85,724,sandy,harvest,19,0
43,28,45,572,loamy,harvest,13,0
69,32,74,677,clay,seedling,7,0
23,28,81,1116,loamy,vegetative,6,1
35,29,47,375,sandy,flowering,11,0
80,28,67,320,sandy,harvest,11,0
60,34,67,743,clay,flowering,19,0
65,23,52,793,loamy,seedling,18,0
72,21,68,342,clay,flowering,18,0
32,27,87,584,sandy,seedling,20,0
39,30,61,576,sandy,flowering,2,0
18,26,46,1076,loamy,seedling,17,1
73,23,53,1199,sandy,seedling,0,0
20,31,46,768,sandy,seedling,8,1
42,24,64,1105,sandy,vegetative,14,0
78,35,52,991,clay,vegetative,5,0
30,22,60,691,clay,seedling,0,0
12,30,45,639,loamy,seedling,18,1
17,32,89,899,sandy,seedling,20,1
45,25,53,949,loamy,vegetative,13,0
63,28,41,972,sandy,seedling,7,0
24,21,58,1028,clay,seedling,18,1
16,22,49,1020,sandy,flowering,1,1
65,27,52,938,clay,vegetative,16,0
74,31,88,664,sandy,seedling,14,0
15,21,40,1108,loamy,seedling,17,1
34,24,64,1005,clay,vegetative,4,0
24,25,44,663,loamy,flowering,13,1
28,23,48,446,loamy,seedling,20,1
30,23,51,700,sandy,harvest,13,0
42,31,71,356,loamy,seedling,18,0
70,25,57,536,clay,flowering,3,0
55,26,48,461,clay,flowering,15,0
37,33,86,1199,sandy,harvest,20,0
21,24,87,681,sandy,flowering,6,1
72,21,47,955,sandy,seedling,14,0
22,20,75,304,sandy,flowering,6,1
41,20,73,1153,clay,harvest,6,0
57,21,84,533,sandy,harvest,9,0
35,31,42,662,loamy,harvest,17,0
65,35,75,1108,sandy,harvest,18,0
11,28,42,889,clay,harvest,17,1
72,21,86,331,loamy,seedling,7,0
16,21,46,464,loamy,harvest,2,1
72,29,70,206,sandy,flowering,1,0
56,21,49,403,sandy,harvest,4,0
39,21,59,995,clay,vegetative,20,0
12,30,68,653,loamy,flowering,5,1
38,20,48,874,loamy,seedling,20,0
48,23,43,328,clay,vegetative,4,0
59,22,47,316,sandy,flowering,8,0
16,28,51,810,sandy,seedling,16,1
41,35,45,623,loamy,seedling,5,0
42,21,59,374,loamy,flowering,2,0
58,34,41,408,clay,seedling,20,0
47,33,42,1059,loamy,vegetative,8,0
51,23,85,803,clay,vegetative,7,0
34,25,50,852,clay,flowering,19,0
53,33,68,939,clay,vegetative,12,0
64,20,85,649,sandy,harvest,18,0
70,29,53,427,sandy,flowering,7,0
80,29,88,984,clay,vegetative,4,0
39,31,68,445,clay,seedling,18,0
14,21,90,438,sandy,flowering,14,1
60,34,69,765,loamy,harvest,8,0
12,33,52,1126,loamy,seedling,17,1
43,23,40,1132,loamy,seedling,2,0
38,22,55,694,clay,harvest,8,0
19,23,53,769,sandy,seedling,14,1
63,22,50,1168,loamy,vegetative,16,0
29,34,74,389,clay,vegetative,19,1
62,20,41,426,clay,vegetative,18,0
76,24,76,893,loamy,vegetative,16,0
12,28,69,665,sandy,harvest,17,1
22,23,79,524,loamy,harvest,0,1
57,35,51,646,sandy,vegetative,15,0
50,35,48,790,clay,flowering,0,0
34,28,77,680,loamy,vegetative,1,0
15,34,62,1111,sandy,seedling,12,1
67,33,77,355,clay,flowering,17,0
21,33,89,927,sandy,harvest,10,1
36,31,74,932,loamy,flowering,8,0
14,35,82,370,loamy,harvest,16,1
59,34,48,213,loamy,flowering,7,0
61,34,72,994,clay,seedling,20,0
73,32,48,370,sandy,vegetative,10,0
48,30,69,638,sandy,vegetative,4,0
10,23,53,268,loamy,harvest,12,1
71,21,73,612,loamy,flowering,2,0
52,31,52,320,loamy,flowering,0,0
33,27,85,699,sandy,harvest,0,0
50,22,72,1135,loamy,harvest,3,0
73,34,87,754,clay,seedling,0,0
42,21,73,1182,clay,harvest,1,0
73,29,62,1154,clay,vegetative,20,0
14,32,68,1160,sandy,harvest,18,1
61,35,79,342,sandy,seedling,2,0
28,28,69,1115,clay,seedling,6,1
73,20,85,777,clay,flowering,15,0
15,28,86,417,clay,harvest,20,1
59,26,40,1099,clay,harvest,15,0
60,28,84,900,loamy,seedling,0,0
57,35,45,856,loamy,vegetative,20,0
65,28,86,829,sandy,harvest,2,0
76,31,54,1045,loamy,harvest,16,0
59,34,72,455,clay,harvest,10,0
37,33,76,1005,clay,seedling,12,0
21,21,83,642,sandy,vegetative,17,1
23,29,59,1120,loamy,vegetative,13,1
11,28,72,337,clay,flowering,12,1
57,22,80,575,clay,flowering,16,0
80,33,55,202,sandy,flowering,3,0
42,23,87,501,loamy,harvest,20,0
12,32,86,1134,clay,flowering,20,1
11,30,59,663,loamy,flowering,17,1
11,32,88,801,loamy,seedling,3,1
26,31,71,964,sandy,harvest,13,1
25,27,89,420,clay,harvest,19,1
27,32,63,574,loamy,harvest,12,1
29,34,53,865,clay,harvest,19,1
43,32,88,1199,clay,seedling,5,0
72,31,75,691,loamy,vegetative,17,0
62,29,77,571,sandy,flowering,15,0
68,24,64,881,sandy,flowering,20,0
26,27,56,725,loamy,vegetative,15,1
22,22,62,592,clay,harvest,12,1
24,29,67,643,sandy,seedling,3,1
67,32,66,765,clay,flowering,10,0
76,21,74,802,loamy,flowering,7,0
67,32,42,411,loamy,harvest,6,0
39,29,59,655,sandy,harvest,7,0
47,21,73,602,clay,vegetative,2,0
19,33,67,484,loamy,flowering,10,1
64,26,84,687,sandy,seedling,5,0
31,26,67,1145,sandy,vegetative,14,0
38,24,76,1153,sandy,seedling,9,0
40,27,75,282,clay,vegetative,5,0
71,22,55,745,clay,harvest,20,0
55,21,50,916,clay,seedling,12,0
68,24,52,676,clay,seedling,7,0
63,23,82,595,sandy,flowering,6,0
23,35,55,1014,loamy,flowering,4,1
66,22,40,851,clay,harvest,20,0
55,21,87,1159,loamy,harvest,18,0
58,28,66,840,sandy,seedling,13,0
10,26,50,856,sandy,vegetative,0,1
18,29,41,424,clay,flowering,7,1
54,31,56,1074,clay,seedling,9,0
29,22,72,770,sandy,vegetative,14,1
61,33,51,287,sandy,flowering,14,0
27,33,53,336,sandy,vegetative,19,1
48,28,51,231,sandy,harvest,12,0
61,34,51,241,sandy,flowering,7,0
68,26,85,235,clay,seedling,6,0
29,21,66,970,clay,seedling,6,1
73,27,65,351,clay,flowering,6,0
14,31,70,520,clay,harvest,9,1
31,23,67,304,clay,seedling,18,0
68,35,56,230,sandy,flowering,20,0
45,26,80,769,sandy,seedling,10,0
68,27,64,709,clay,seedling,20,0
22,35,50,561,loamy,vegetative,15,1
46,23,63,503,loamy,seedling,4,0
27,22,74,606,clay,seedling,19,1
44,29,45,743,loamy,seedling,4,0
44,30,77,365,clay,harvest,14,0
51,22,78,351,sandy,harvest,8,0
50,35,61,1196,loamy,seedling,20,0
13,20,62,518,loamy,seedling,2,1
63,23,55,720,clay,vegetative,2,0
32,21,86,506,clay,flowering,12,0
60,22,82,650,sandy,harvest,5,0
37,28,53,520,sandy,seedling,3,0
71,20,83,578,clay,vegetative,8,0
11,31,79,675,sandy,vegetative,19,1
36,32,56,662,sandy,seedling,13,0
44,26,40,1068,sandy,seedling,9,0
16,30,69,1039,sandy,seedling,2,1
31,33,51,1029,clay,harvest,19,0
54,23,78,839,clay,flowering,12,0
14,34,42,500,sandy,seedling,12,1
32,25,63,717,loamy,seedling,3,0
67,24,48,653,clay,harvest,5,0
47,28,87,1102,clay,harvest,7,0
32,21,81,372,sandy,harvest,10,0
41,26,47,788,loamy,flowering,1,0
80,21,88,511,loamy,vegetative,18,0
13,35,42,338,clay,flowering,19,1
11,30,83,1027,sandy,vegetative,9,1
32,20,71,1182,sandy,flowering,0,0
76,24,86,284,clay,vegetative,13,0
55,33,66,561,clay,seedling,8,0
74,20,66,649,clay,vegetative,19,0
61,32,72,1070,loamy,flowering,1,0
57,32,51,1109,sandy,flowering,1,0
58,25,68,447,clay,harvest,18,0
38,30,75,998,loamy,harvest,10,0
45,34,53,376,clay,flowering,1,0
20,25,54,569,clay,vegetative,9,1
60,34,48,512,clay,flowering,2,0
31,24,45,743,clay,seedling,8,0
40,23,81,677,sandy,harvest,9,0
36,20,84,928,clay,vegetative,4,0
50,28,51,837,clay,seedling,0,0
43,20,45,864,sandy,flowering,7,0
15,26,41,878,clay,harvest,17,1
80,31,50,419,loamy,seedling,11,0
41,29,88,581,loamy,harvest,4,0
56,32,69,1004,clay,seedling,0,0
10,28,75,1199,clay,flowering,12,1
43,34,85,463,clay,vegetative,6,0
57,20,55,368,clay,seedling,5,0
10,26,59,763,clay,vegetative,13,1
65,28,64,964,clay,harvest,12,0
76,29,74,242,clay,harvest,5,0
65,27,79,1186,sandy,flowering,6,0
17,32,70,1139,sandy,harvest,4,1
55,23,68,1140,clay,vegetative,1,0
72,32,67,494,sandy,vegetative,17,0
23,27,66,816,clay,vegetative,3,1
37,27,60,723,loamy,vegetative,2,0
45,25,87,854,sandy,seedling,2,0
42,35,68,757,loamy,flowering,20,0
78,35,80,317,sandy,seedling,1,0
38,29,74,280,loamy,vegetative,15,0
47,34,58,1005,clay,seedling,18,0
15,24,86,358,loamy,harvest,13,1
23,24,79,999,sandy,seedling,6,1
20,25,51,627,sandy,flowering,7,1
45,28,70,810,sandy,vegetative,14,0
16,33,44,780,clay,harvest,17,1
15,28,44,493,loamy,harvest,19,1
37,23,70,1038,loamy,flowering,3,0
17,22,90,302,loamy,vegetative,20,1
41,35,60,1142,clay,harvest,6,0
71,26,69,295,loamy,harvest,13,0
12,20,80,488,loamy,seedling,1,1
52,28,79,833,loamy,seedling,2,0
20,24,44,710,sandy,seedling,18,1
25,30,67,274,sandy,vegetative,0,1
55,31,83,420,sandy,harvest,1,0
76,27,65,814,clay,seedling,16,0
51,29,46,830,loamy,vegetative,17,0
20,26,70,853,clay,harvest,5,1
43,26,40,703,clay,flowering,13,0
52,26,63,301,clay,harvest,16,0
27,28,81,459,clay,vegetative,3,1
26,22,57,259,clay,harvest,6,1
59,27,69,566,loamy,harvest,5,0
35,28,43,209,sandy,vegetative,18,0
15,22,43,624,loamy,harvest,12,1
44,35,85,902,loamy,flowering,9,0
71,20,88,1053,clay,harvest,6,0
17,32,47,347,clay,seedling,20,1
66,20,85,1189,sandy,seedling,9,0
79,22,68,333,sandy,harvest,20,0
59,33,73,1023,clay,seedling,1,0
60,33,59,992,loamy,harvest,10,0
47,33,86,1090,loamy,vegetative,19,0
35,23,80,474,clay,flowering,3,0
26,29,81,547,loamy,seedling,9,1
56,26,64,572,clay,vegetative,17,0
16,31,71,748,loamy,vegetative,11,1
45,32,54,248,sandy,seedling,19,0
39,25,78,495,clay,vegetative,14,0
58,31,42,232,sandy,flowering,1,0
28,35,40,759,loamy,flowering,12,1
11,31,77,557,sandy,harvest,7,1
37,28,89,266,loamy,flowering,18,0
28,21,61,1086,loamy,vegetative,5,1
10,21,80,1060,sandy,vegetative,19,1
52,30,75,893,loamy,seedling,9,0
43,30,74,670,clay,harvest,7,0
48,30,64,1017,clay,flowering,0,0
52,33,46,630,clay,seedling,19,0
39,25,60,689,clay,vegetative,20,0
72,26,41,306,sandy,harvest,7,0
27,28,51,365,loamy,vegetative,0,1
32,33,50,957,clay,vegetative,17,0
61,29,49,540,clay,harvest,12,0
47,27,88,375,sandy,vegetative,16,0
20,20,60,712,sandy,flowering,5,1
50,26,80,868,loamy,seedling,11,0
23,23,40,473,sandy,flowering,15,1
53,23,51,1120,sandy,seedling,19,0
36,23,46,1119,loamy,vegetative,7,0
57,29,40,1080,loamy,vegetative,19,0
35,25,46,1095,loamy,harvest,3,0
26,21,52,347,clay,vegetative,6,1
70,23,70,721,loamy,harvest,13,0
69,27,46,474,clay,vegetative,10,0
50,28,60,709,loamy,flowering,5,0
66,33,53,296,clay,harvest,1,0
80,31,86,1091,loamy,flowering,3,0
17,31,46,280,loamy,vegetative,11,1
57,27,77,1144,sandy,seedling,19,0
30,20,65,677,clay,flowering,7,0
69,20,41,788,loamy,seedling,20,0
15,26,81,966,loamy,vegetative,3,1
44,25,43,1150,loamy,seedling,7,0
47,23,79,1187,clay,harvest,9,0
29,24,73,1149,clay,flowering,19,1
17,25,51,221,loamy,flowering,2,1
47,31,79,590,clay,harvest,5,0
78,20,78,831,clay,harvest,19,0
34,20,77,770,loamy,seedling,2,0
23,24,83,434,loamy,seedling,13,1
77,35,59,557,clay,seedling,10,0
66,32,85,461,sandy,harvest,4,0
29,32,88,641,sandy,vegetative,11,1
46,33,81,919,sandy,seedling,19,0
13,30,90,966,clay,flowering,20,1
11,30,85,504,loamy,vegetative,11,1
25,28,47,990,sandy,flowering,8,1
34,20,58,761,clay,flowering,8,0
20,23,55,338,sandy,harvest,11,1
76,28,53,298,loamy,flowering,4,0
72,27,58,1094,sandy,seedling,17,0
55,24,42,797,clay,harvest,20,0
71,20,77,499,clay,seedling,16,0
30,27,77,1051,clay,seedling,14,0
15,33,49,607,sandy,flowering,1,1
18,32,79,776,clay,flowering,1,1
73,31,87,223,sandy,harvest,3,0
19,30,69,223,loamy,vegetative,8,1
60,31,50,413,sandy,seedling,13,0
42,30,69,997,loamy,harvest,7,0
50,30,50,243,sandy,seedling,9,0
45,35,52,1175,sandy,seedling,11,0
57,30,59,961,clay,flowering,14,0
28,26,55,854,sandy,seedling,3,1
64,21,77,621,sandy,vegetative,19,0
55,35,52,1033,sandy,flowering,18,0
59,34,90,485,sandy,harvest,0,0
64,24,40,327,loamy,flowering,18,0
32,26,57,379,clay,vegetative,3,0
65,32,47,476,sandy,seedling,2,0
30,33,59,971,sandy,vegetative,13,0
20,34,79,1007,clay,harvest,15,1
30,21,70,501,clay,flowering,16,0
42,33,55,221,sandy,vegetative,3,0
25,28,70,571,clay,flowering,15,1
49,26,40,391,loamy,flowering,6,0
58,25,43,241,clay,vegetative,8,0
32,35,51,454,clay,flowering,2,0
49,30,62,690,clay,seedling,18,0
12,25,41,975,clay,vegetative,18,1
69,26,81,988,sandy,seedling,10,0
57,22,57,358,clay,vegetative,0,0
68,26,55,853,sandy,seedling,13,0
22,30,66,697,sandy,seedling,14,1
69,23,81,340,sandy,seedling,0,0
10,30,75,936,clay,seedling,6,1
47,22,67,437,loamy,harvest,12,0
33,28,53,935,sandy,seedling,4,0
74,25,60,1005,loamy,vegetative,17,0
49,28,55,631,clay,vegetative,5,0
80,33,90,942,loamy,harvest,10,0
42,34,41,1179,sandy,vegetative,2,0
73,35,87,276,clay,harvest,13,0
79,20,53,552,clay,vegetative,9,0
17,20,62,687,sandy,vegetative,4,1
67,34,48,577,sandy,seedling,10,0
66,35,89,553,sandy,harvest,8,0
68,20,57,327,sandy,vegetative,7,0
33,20,46,1028,clay,vegetative,0,0
18,24,65,1082,sandy,seedling,19,1
37,21,65,437,clay,harvest,15,0
47,31,90,802,sandy,seedling,0,0
38,34,44,496,sandy,vegetative,11,0
75,24,49,1189,sandy,seedling,18,0
67,22,76,658,loamy,vegetative,4,0
73,21,78,387,sandy,seedling,12,0
15,33,63,410,loamy,vegetative,2,1
20,21,89,737,clay,seedling,14,1
36,23,66,1162,loamy,vegetative,6,0
73,33,69,906,loamy,vegetative,13,0
24,33,83,943,sandy,vegetative,17,1
44,29,43,219,sandy,harvest,7,0
21,26,89,773,sandy,seedling,5,1
51,21,85,451,sandy,seedling,20,0
61,26,79,664,clay,harvest,20,0
30,34,52,328,sandy,flowering,2,0
51,30,80,628,clay,harvest,11,0
67,22,61,1153,clay,seedling,13,0
64,32,50,338,loamy,vegetative,0,0
74,32,48,254,sandy,vegetative,19,0
41,29,88,648,loamy,seedling,2,0
62,29,77,930,clay,harvest,13,0
27,30,65,810,sandy,vegetative,1,1
49,33,83,549,sandy,flowering,19,0
33,34,56,571,clay,flowering,15,0
57,25,52,572,loamy,vegetative,12,0
58,27,82,433,clay,harvest,7,0
15,21,89,664,sandy,seedling,11,1
75,35,75,226,loamy,seedling,11,0
63,22,65,580,sandy,flowering,9,0
62,28,59,885,sandy,harvest,18,0
68,27,83,760,sandy,seedling,13,0
19,26,58,1194,loamy,harvest,3,1
64,27,68,593,loamy,seedling,16,0
55,23,43,948,clay,harvest,18,0
77,31,54,569,clay,vegetative,5,0
27,28,80,388,loamy,vegetative,1,1
11,35,56,794,loamy,harvest,4,1
43,33,76,1075,clay,flowering,7,0
75,29,63,651,clay,harvest,18,0
44,21,62,533,sandy,vegetative,0,0
74,20,76,320,sandy,harvest,4,0
11,30,56,1184,loamy,vegetative,20,1
61,27,86,353,clay,vegetative,14,0
17,35,56,1137,sandy,harvest,19,1
28,32,68,536,sandy,seedling,20,1
44,23,63,881,sandy,flowering,2,0
38,34,45,228,sandy,vegetative,7,0
10,30,84,1129,sandy,flowering,3,1
50,32,87,995,sandy,flowering,17,0
33,29,61,786,loamy,flowering,16,0
71,26,49,1079,clay,vegetative,12,0
54,23,71,678,loamy,flowering,8,0
37,25,66,210,loamy,vegetative,4,0
26,27,67,777,clay,harvest,1,1
50,35,68,327,clay,vegetative,15,0
45,20,60,1042,clay,flowering,16,0
57,28,45,629,loamy,vegetative,9,0
71,31,81,248,sandy,vegetative,8,0
23,22,54,347,clay,harvest,6,1
67,33,67,699,sandy,seedling,3,0
78,24,83,1053,clay,vegetative,14,0
55,29,78,383,sandy,vegetative,12,0
25,26,69,786,loamy,harvest,2,1
80,33,51,574,sandy,seedling,13,0
34,21,73,708,sandy,vegetative,12,0
47,25,54,1112,clay,flowering,0,0
73,33,64,213,sandy,seedling,19,0
26,22,87,486,clay,flowering,15,1
80,21,88,816,loamy,harvest,7,0
55,27,63,590,loamy,harvest,0,0
73,33,49,1127,sandy,seedling,14,0
16,26,87,767,clay,flowering,13,1
38,20,66,350,sandy,vegetative,20,0
11,33,61,573,loamy,vegetative,16,1
46,35,45,726,sandy,flowering,18,0
24,27,65,1155,clay,flowering,12,1
71,23,73,782,clay,flowering,8,0
70,27,41,584,clay,harvest,15,0
25,28,40,285,loamy,vegetative,5,1
73,30,50,1178,sandy,seedling,1,0
21,22,53,888,sandy,seedling,10,1
21,33,47,487,loamy,flowering,14,1
53,28,74,905,loamy,vegetative,11,0
42,35,70,1163,clay,flowering,17,0
48,30,72,285,clay,flowering,19,0
39,29,82,791,loamy,harvest,10,0
37,25,64,460,clay,harvest,8,0
15,27,69,817,clay,seedling,7,1
80,34,49,1067,clay,harvest,16,0
64,27,78,982,clay,vegetative,2,0
61,27,64,553,clay,harvest,10,0
11,22,43,520,loamy,harvest,12,1
76,27,41,1120,loamy,seedling,17,0
27,24,77,1160,sandy,harvest,20,1
35,33,80,331,loamy,vegetative,17,0
23,34,41,521,sandy,seedling,5,1
31,26,41,795,loamy,vegetative,5,0
46,20,49,214,clay,flowering,3,0
70,22,45,956,loamy,seedling,15,0
27,24,86,246,clay,vegetative,17,1
49,24,82,507,loamy,vegetative,0,0
77,24,74,532,clay,flowering,19,0
20,20,52,686,loamy,flowering,17,1
70,21,59,315,clay,vegetative,8,0
35,31,40,673,loamy,seedling,18,0
79,35,82,486,loamy,vegetative,13,0
11,28,72,662,loamy,seedling,14,1
49,35,84,1137,loamy,harvest,0,0
48,29,69,1007,sandy,flowering,13,0
66,26,61,655,clay,harvest,14,0
29,22,81,604,loamy,vegetative,3,1
72,35,86,417,loamy,harvest,20,0
68,28,53,1069,loamy,flowering,20,0
57,25,58,303,loamy,seedling,12,0
33,27,66,873,loamy,seedling,6,0
64,26,76,866,clay,harvest,15,0
16,23,48,403,clay,harvest,18,1
60,33,72,654,sandy,harvest,4,0
26,31,70,711,sandy,vegetative,0,1
32,34,54,832,clay,seedling,11,0
40,25,50,820,sandy,harvest,6,0
70,28,50,1058,sandy,harvest,3,0
68,32,57,1131,sandy,seedling,4,0
56,32,65,354,clay,harvest,7,0
19,33,90,1007,clay,harvest,20,1
24,22,87,1100,loamy,flowering,19,1
32,35,73,893,clay,vegetative,12,0
67,30,68,530,sandy,flowering,5,0
52,29,45,202,clay,flowering,15,0
38,34,47,1149,sandy,flowering,13,0
49,25,67,638,loamy,flowering,20,0
39,28,55,548,clay,seedling,15,0
62,20,68,731,loamy,seedling,13,0
40,32,80,277,loamy,seedling,6,0
54,34,47,814,loamy,seedling,2,0
70,35,59,423,clay,harvest,12,0
30,21,83,702,loamy,flowering,13,0
45,32,61,470,clay,vegetative,0,0
22,35,69,885,clay,harvest,2,1
77,31,79,569,clay,vegetative,7,0
15,21,84,339,loamy,vegetative,14,1
35,22,72,1120,sandy,seedling,7,0
64,24,82,676,loamy,flowering,0,0
23,29,62,824,clay,vegetative,16,1
55,35,51,838,clay,flowering,11,0
16,31,74,1151,sandy,vegetative,19,1
79,29,46,1066,sandy,seedling,2,0
40,27,66,571,clay,flowering,16,0
62,20,57,1107,clay,harvest,13,0
24,23,77,1137,clay,vegetative,5,1
47,22,73,817,sandy,harvest,3,0
15,23,49,203,loamy,seedling,15,1
31,21,80,899,loamy,vegetative,11,0
79,25,75,1027,loamy,harvest,4,0
77,20,59,442,sandy,seedling,1,0
20,31,88,825,loamy,harvest,9,1
78,32,70,303,clay,vegetative,9,0
31,34,41,522,clay,harvest,1,0
80,34,62,903,sandy,vegetative,20,0
51,29,43,249,loamy,seedling,20,0
59,22,52,498,loamy,seedling,8,0
44,26,75,1008,clay,vegetative,15,0
14,30,80,1054,loamy,vegetative,20,1
51,33,50,742,loamy,vegetative,18,0
31,34,70,832,sandy,harvest,20,0
33,33,79,930,loamy,flowering,4,0
13,31,87,907,loamy,flowering,19,1
11,20,78,719,clay,vegetative,12,1
58,34,47,208,sandy,seedling,15,0
71,31,59,327,clay,seedling,8,0
62,24,52,424,clay,seedling,7,0
57,28,42,447,sandy,flowering,3,0
25,22,87,941,loamy,harvest,0,1
46,23,90,276,sandy,flowering,10,0
80,24,55,285,loamy,seedling,4,0
41,27,71,319,loamy,vegetative,5,0
42,29,62,775,sandy,seedling,17,0
67,26,77,598,clay,harvest,4,0
23,32,51,871,clay,flowering,0,1
80,20,44,719,loamy,flowering,2,0
36,35,61,876,loamy,seedling,15,0
23,33,67,383,loamy,seedling,4,1
79,32,86,911,sandy,seedling,5,0
23,20,66,278,sandy,seedling,9,1
28,25,66,1148,loamy,vegetative,0,1
63,32,48,1177,clay,seedling,6,0
80,22,85,1064,loamy,flowering,3,0
77,24,81,992,loamy,vegetative,1,0
75,21,54,1049,clay,seedling,9,0
55,22,89,537,loamy,vegetative,8,0
19,24,86,516,loamy,seedling,14,1
39,28,87,824,loamy,seedling,18,0
65,31,70,1134,clay,vegetative,6,0
45,30,46,229,loamy,seedling,13,0
39,28,87,744,clay,flowering,2,0
70,23,89,709,loamy,seedling,16,0
71,20,52,1198,loamy,flowering,11,0
26,30,88,427,clay,seedling,19,1
20,23,70,232,sandy,flowering,9,1
11,23,62,617,loamy,harvest,17,1
75,21,83,956,clay,flowering,0,0
65,22,46,1113,loamy,seedling,16,0
36,27,41,1035,loamy,seedling,0,0
52,20,74,958,clay,harvest,7,0
13,27,65,454,clay,flowering,2,1
55,34,86,220,clay,harvest,15,0
57,29,75,414,sandy,vegetative,17,0
30,20,79,246,sandy,seedling,3,0
30,33,82,807,sandy,harvest,2,0
77,28,62,716,loamy,flowering,9,0
58,31,54,604,loamy,harvest,5,0
47,32,63,620,sandy,vegetative,9,0
18,24,55,763,loamy,flowering,15,1
72,24,52,1013,sandy,flowering,15,0
45,32,66,666,sandy,harvest,7,0
71,35,86,806,sandy,seedling,16,0
23,20,66,784,clay,vegetative,2,1
56,25,71,561,loamy,flowering,19,0
56,33,78,381,loamy,seedling,2,0
50,26,80,410,sandy,harvest,3,0
40,33,62,1065,loamy,harvest,18,0
23,32,53,639,loamy,flowering,10,1
44,35,71,476,loamy,vegetative,3,0
26,29,83,410,clay,vegetative,18,1
64,34,51,665,sandy,flowering,9,0
28,28,48,1123,clay,harvest,16,1
59,29,70,549,clay,harvest,18,0
34,32,58,1085,clay,flowering,19,0
52,20,86,951,clay,harvest,2,0
69,21,47,647,loamy,vegetative,11,0
21,27,58,702,clay,seedling,6,1
49,25,68,648,clay,seedling,9,0
21,24,84,993,sandy,vegetative,17,1
26,23,70,396,loamy,seedling,4,1
64,33,72,449,clay,harvest,3,0
48,31,74,933,clay,vegetative,10,0
63,26,67,670,clay,vegetative,18,0
69,32,57,422,clay,seedling,15,0
14,27,70,614,sandy,flowering,5,1
74,33,47,490,clay,vegetative,8,0
19,26,89,322,clay,seedling,4,1
41,23,80,326,loamy,vegetative,8,0
17,23,64,236,clay,seedling,10,1
47,29,68,556,clay,harvest,10,0
69,30,46,913,sandy,vegetative,14,0
52,27,55,716,loamy,vegetative,13,0
26,22,82,1125,sandy,flowering,2,1
65,27,59,752,clay,flowering,6,0
42,22,52,940,loamy,harvest,19,0
59,32,51,309,loamy,seedling,8,0
63,28,46,555,sandy,vegetative,10,0
75,29,72,232,loamy,flowering,11,0
25,25,59,789,sandy,harvest,9,1
22,21,61,265,loamy,flowering,10,1
68,20,57,342,loamy,harvest,7,0
30,22,88,589,loamy,vegetative,17,0
23,31,86,937,clay,vegetative,17,1
34,32,48,727,sandy,flowering,0,0
48,23,61,892,clay,flowering,15,0
75,29,53,1195,clay,vegetative,3,0
49,25,54,865,loamy,harvest,12,0
51,20,61,596,sandy,vegetative,13,0
32,32,59,493,clay,flowering,4,0
78,35,73,990,loamy,seedling,18,0
44,27,80,244,loamy,vegetative,15,0
27,31,45,708,clay,vegetative,1,1
40,32,74,1131,sandy,flowering,18,0
19,27,59,774,sandy,flowering,13,1
39,32,64,483,loamy,flowering,3,0
23,28,75,845,loamy,harvest,20,1
26,33,75,1179,clay,vegetative,7,1
48,27,65,293,loamy,harvest,14,0
57,28,46,487,sandy,seedling,1,0
45,21,47,206,clay,seedling,1,0
79,31,57,361,loamy,harvest,13,0
64,30,84,627,sandy,vegetative,11,0
48,32,65,932,loamy,vegetative,8,0
13,24,57,583,sandy,harvest,16,1
41,26,57,374,sandy,vegetative,15,0
60,35,70,677,loamy,harvest,19,0
77,23,59,716,loamy,flowering,3,0
47,23,45,588,clay,vegetative,7,0
47,26,67,748,sandy,seedling,15,0
35,29,48,844,loamy,seedling,15,0
68,34,55,1197,clay,seedling,7,0
67,32,74,426,clay,flowering,7,0
30,29,89,359,loamy,harvest,8,0
39,28,40,853,clay,harvest,17,0
56,31,64,683,clay,seedling,1,0
33,21,42,442,loamy,harvest,5,0
79,28,53,310,sandy,flowering,16,0
33,21,76,715,sandy,vegetative,0,0
71,31,41,373,clay,seedling,10,0
11,31,71,362,sandy,harvest,11,1
42,32,56,770,loamy,flowering,16,0
50,35,85,225,loamy,vegetative,5,0
22,22,52,354,clay,harvest,4,1
14,26,78,987,loamy,harvest,4,1
80,26,73,429,clay,vegetative,8,0
62,33,80,326,loamy,vegetative,18,0
46,30,58,799,loamy,seedling,18,0
46,34,78,204,clay,flowering,1,0
66,32,55,736,sandy,flowering,15,0
60,34,81,1126,loamy,vegetative,8,0
78,34,67,784,loamy,seedling,9,0
51,34,45,1051,clay,harvest,6,0
50,24,77,215,clay,seedling,0,0
51,33,69,817,sandy,flowering,5,0
13,33,88,1077,clay,harvest,16,1
16,32,82,802,sandy,harvest,16,1
65,27,79,841,loamy,harvest,11,0
58,21,55,730,loamy,vegetative,1,0
23,28,48,545,sandy,flowering,17,1
13,21,50,429,clay,seedling,14,1
15,26,46,617,loamy,vegetative,4,1
46,23,78,248,sandy,flowering,10,0
70,34,53,943,sandy,vegetative,5,0
61,25,56,296,loamy,flowering,19,0
56,28,71,909,sandy,seedling,2,0
44,28,68,1013,loamy,flowering,10,0
25,25,88,1155,sandy,flowering,7,1
